"region","UF","year","avgtmp","tmax","tmin","pmax","pmin","drought_percent","drought","total"
"Acre","AC",1991,26.12440518,31.38928608,20.90714323,507.2000122,8.800000191,0.095238095,16,168
"Acre","AC",1992,26.34642893,31.60238129,21.13869091,356.6000061,15.80000019,0.071428571,12,168
"Acre","AC",1993,26.09702412,31.36785757,20.87559564,449.3000183,12.90000057,0.119047619,20,168
"Acre","AC",1994,26.41785756,31.69940527,21.18333371,774.5,15.60000038,0.095238095,16,168
"Acre","AC",1995,26.50238136,31.77381003,21.27500035,324.8000183,16.89999962,0.077380952,13,168
"Acre","AC",1996,26.10535754,31.37678616,20.87797662,467.3000183,5.800000191,0.089285714,15,168
"Acre","AC",1997,26.52321474,31.79464341,21.29583381,490.8000183,7.700000286,0.119047619,20,168
"Acre","AC",1998,26.8529765,32.12440543,21.62559566,701.1000366,9.199999809,0.19047619,32,168
"Acre","AC",1999,25.93630993,31.20654806,20.70952411,671,1.800000072,0.071428571,12,168
"Acre","AC",2000,26.21190514,31.48511949,20.98392891,783.6000366,17.5,0.107142857,18,168
"Acre","AC",2001,26.11190511,31.38511957,20.88452416,681.2000122,5.700000286,0.154761905,26,168
"Acre","AC",2002,26.33095272,31.60714341,21.10119084,726.7000122,6.099999905,0.166666667,28,168
"Acre","AC",2003,26.1517861,31.4255957,20.92261945,616.5,1.800000072,0.089285714,15,168
"Acre","AC",2004,26.43392888,31.70654811,21.20535752,409.1000061,22,0.05952381,10,168
"Acre","AC",2005,26.3898814,31.6625005,21.16428614,341.3000183,3.799999952,0.148809524,25,168
"Acre","AC",2006,26.28809576,31.56309573,21.05833371,626.2000122,27,0.047619048,8,168
"Acre","AC",2007,26.12500042,31.40297666,20.89285763,371.7000122,3.600000143,0.113095238,19,168
"Acre","AC",2008,26.13095281,31.40773866,20.90178611,517.5,4.900000095,0.083333333,14,168
"Acre","AC",2009,26.43095272,31.69345286,21.21488132,453.1000061,22.39999962,0.041666667,7,168
"Acre","AC",2010,26.63452415,31.90654822,21.40773853,646.2999878,7.400000095,0.119047619,20,168
"Acre","AC",2011,26.32916707,31.60297658,21.1011909,451.3999939,3.600000143,0.130952381,22,168
"Acre","AC",2012,26.39583376,31.66488145,21.17440517,341.8999939,11.80000019,0.119047619,20,168
"Acre","AC",2013,26.24523846,31.50952425,21.02857179,365.8999939,13.90000057,0.041666667,7,168
"Acre","AC",2014,26.45416704,31.71369106,21.2404766,421.3000183,22.89999962,0.047619048,8,168
"Acre","AC",2015,26.90238135,32.1702386,21.68035752,401.6000061,22,0.053571429,9,168
"Acre","AC",2016,26.80714331,32.08154827,21.58035753,413.2000122,15.10000038,0.095238095,16,168
"Acre","AC",2017,26.69761944,31.9565481,21.48452425,359.7000122,5.099999905,0.095238095,16,168
"Alagoas","AL",1991,24.37916724,29.19166716,19.62083364,174.1999969,0,0.5,12,24
"Alagoas","AL",1992,24.42083367,29.23333391,19.66250038,115.2000046,1.399999976,0.458333333,11,24
"Alagoas","AL",1993,24.93750024,29.75000056,20.17916703,77.40000153,7.200000286,0.708333333,17,24
"Alagoas","AL",1994,24.57916713,29.39166697,19.82083376,277.8999939,6.400000095,0.375,9,24
"Alagoas","AL",1995,24.65000033,29.46250041,19.89166705,161.4000092,1.200000048,0.583333333,14,24
"Alagoas","AL",1996,24.58750041,29.40000057,19.82916705,211.1999969,3.799999952,0.458333333,11,24
"Alagoas","AL",1997,24.64583365,29.45833389,19.88750052,167.6999969,2.700000048,0.541666667,13,24
"Alagoas","AL",1998,25.38750045,30.20000037,20.62916716,114.5,2.900000095,0.625,15,24
"Alagoas","AL",1999,24.70000037,29.5125006,19.94166708,175.6000061,18.39999962,0.583333333,14,24
"Alagoas","AL",2000,24.4375004,29.25000056,19.67916687,185.9000092,5.300000191,0.25,6,24
"Alagoas","AL",2001,24.67083375,29.48333375,19.91250046,199.1000061,14.40000057,0.416666667,10,24
"Alagoas","AL",2002,24.64583365,29.45833373,19.88750037,216.6999969,2,0.541666667,13,24
"Alagoas","AL",2003,24.86250059,29.67500051,20.10416683,129.5,15.80000019,0.416666667,10,24
"Alagoas","AL",2004,24.47083362,29.27916718,19.71250049,200.1000061,7.099999905,0.416666667,10,24
"Alagoas","AL",2005,24.96250033,29.77500041,20.20416705,213,3.400000095,0.333333333,8,24
"Alagoas","AL",2006,24.71250025,29.52500057,19.95416729,210.6000061,16.80000114,0.5,12,24
"Alagoas","AL",2007,24.62500016,29.43750048,19.86666711,121.5,2.900000095,0.541666667,13,24
"Alagoas","AL",2008,24.58333373,29.39583397,19.82500029,251,3.700000048,0.416666667,10,24
"Alagoas","AL",2009,24.70833389,29.52083389,19.95000021,188.5,10.5,0.583333333,14,24
"Alagoas","AL",2010,25.04166714,29.85416714,20.28333378,218.1999969,5.800000191,0.541666667,13,24
"Alagoas","AL",2011,24.38333376,29.19583392,19.62500032,241.3000031,9.300000191,0.416666667,10,24
"Alagoas","AL",2012,24.79583383,29.60833367,20.03750038,79.09999847,4.700000286,0.708333333,17,24
"Alagoas","AL",2013,24.95000052,29.76250045,20.19166716,134.5,5.800000191,0.458333333,11,24
"Alagoas","AL",2014,24.67083383,29.48333383,19.91250062,156.4000092,9.699999809,0.416666667,10,24
"Alagoas","AL",2015,25.04166722,29.85416706,20.28333362,173.3000031,3.5,0.583333333,14,24
"Alagoas","AL",2016,25.17916711,29.99166727,20.42083375,113.2000046,2.100000143,0.666666667,16,24
"Alagoas","AL",2017,24.77500025,29.58750065,20.01666713,193.8000031,7.400000095,0.583333333,14,24
"Amapa","AP",1991,25.8044875,29.94294916,21.7179491,670.5,19.30000114,0.179487179,28,156
"Amapa","AP",1992,25.69038497,29.83076966,21.60192344,581.1000366,2.799999952,0.166666667,26,156
"Amapa","AP",1993,25.60128236,29.73974399,21.51474389,516.2999878,11.80000019,0.057692308,9,156
"Amapa","AP",1994,25.71217987,29.85128251,21.62500039,698.7000122,16.39999962,0.076923077,12,156
"Amapa","AP",1995,26.1794876,30.31859025,22.09230806,479.6000061,16.70000076,0.121794872,19,156
"Amapa","AP",1996,26.02179527,30.16025672,21.93461578,640.2000122,15,0.096153846,15,156
"Amapa","AP",1997,26.15769263,30.29807728,22.06987216,612.2999878,2.299999952,0.147435897,23,156
"Amapa","AP",1998,26.55128242,30.69551322,22.46025677,645.9000244,5.800000191,0.121794872,19,156
"Amapa","AP",1999,25.99423115,30.13653884,21.90384656,505.3999939,9.300000191,0.141025641,22,156
"Amapa","AP",2000,25.86089777,30.00320556,21.77051317,707.4000244,19.30000114,0.038461538,6,156
"Amapa","AP",2001,26.14615427,30.28782089,22.05641059,615.2000122,11.80000019,0.083333333,13,156
"Amapa","AP",2002,26.15576953,30.2955132,22.06730806,543.2999878,6.800000191,0.16025641,25,156
"Amapa","AP",2003,26.31666707,30.45769283,22.22884656,692.2999878,20.10000038,0.076923077,12,156
"Amapa","AP",2004,26.28461574,30.42628254,22.19615429,627.2000122,11.30000019,0.16025641,25,156
"Amapa","AP",2005,26.65256453,30.79359029,22.56217987,748.7000122,10.60000038,0.173076923,27,156
"Amapa","AP",2006,26.34038502,30.48205175,22.25064131,494.3000183,19.70000076,0.102564103,16,156
"Amapa","AP",2007,26.20512854,30.34679525,22.11474406,636.7999878,18.70000076,0.057692308,9,156
"Amapa","AP",2008,26.09807737,30.24038499,22.00897469,576.4000244,17.89999962,0.096153846,15,156
"Amapa","AP",2009,26.2980773,30.4378209,22.21025681,572.1000366,5.400000095,0.115384615,18,156
"Amapa","AP",2010,26.6435901,30.78397489,22.55448761,614.6000366,23,0.051282051,8,156
"Amapa","AP",2011,26.29294904,30.43205167,22.20705164,576,10.19999981,0.057692308,9,156
"Amapa","AP",2012,26.21666707,30.35384653,22.13076958,520,9.699999809,0.185897436,29,156
"Amapa","AP",2013,26.31794916,30.45576964,22.23269265,686.2000122,18.80000114,0.044871795,7,156
"Amapa","AP",2014,26.2974363,30.43461591,22.21282096,451.8000183,16,0.134615385,21,156
"Amapa","AP",2015,26.5237183,30.6628211,22.43717987,674.7999878,3.100000143,0.185897436,29,156
"Amapa","AP",2016,26.5737183,30.71089797,22.48910295,606.1000366,2.400000095,0.147435897,23,156
"Amapa","AP",2017,26.36602606,30.50256461,22.28076959,607.1000366,4.300000191,0.057692308,9,156
"Amazonas","AM",1991,26.38630573,31.19184193,21.63012856,516.2000122,8,0.047202797,81,1716
"Amazonas","AM",1992,26.3843244,31.25186527,21.5662591,474.7000122,8,0.036713287,63,1716
"Amazonas","AM",1993,26.13962742,30.96480228,21.36456913,637.7000122,8,0.037878788,65,1716
"Amazonas","AM",1994,26.25839198,31.10413799,21.46264607,774.5,8,0.034382284,59,1716
"Amazonas","AM",1995,26.62779756,31.47744803,21.82779755,498.3000183,8,0.039044289,67,1716
"Amazonas","AM",1996,26.38176025,31.16229652,21.65250621,467.3000183,1.300000072,0.045454545,78,1716
"Amazonas","AM",1997,26.62639901,31.44644571,21.85565307,564.7000122,1.300000072,0.062937063,108,1716
"Amazonas","AM",1998,26.9011076,31.83904488,22.01386984,701.1000366,7.300000191,0.060606061,104,1716
"Amazonas","AM",1999,26.15338033,31.08752963,21.26993046,671,5.400000095,0.041375291,71,1716
"Amazonas","AM",2000,26.40524515,31.35238977,21.50984886,783.6000366,8,0.030885781,53,1716
"Amazonas","AM",2001,26.55541998,31.478497,21.68106098,681.2000122,5.700000286,0.041375291,71,1716
"Amazonas","AM",2002,26.70961574,31.5656765,21.90407962,726.7000122,4.800000191,0.051282051,88,1716
"Amazonas","AM",2003,26.70419617,31.56620098,21.89108428,744.9000244,1.200000048,0.033216783,57,1716
"Amazonas","AM",2004,26.76952253,31.64271615,21.94388151,708.7999878,8,0.033799534,58,1716
"Amazonas","AM",2005,26.83956915,31.73671381,21.99201669,626.2999878,1.700000048,0.055944056,96,1716
"Amazonas","AM",2006,26.67296078,31.55588629,21.83834538,676,2.799999952,0.048951049,84,1716
"Amazonas","AM",2007,26.61777428,31.51474407,21.7698139,663.9000244,5.200000286,0.051864802,89,1716
"Amazonas","AM",2008,26.48339198,31.36107277,21.65571131,569.4000244,5.800000191,0.027972028,48,1716
"Amazonas","AM",2009,26.80285587,31.66625926,21.98793745,601.2000122,8,0.043706294,75,1716
"Amazonas","AM",2010,26.97797239,31.86008212,22.14691179,646.2999878,7.400000095,0.037878788,65,1716
"Amazonas","AM",2011,26.74813556,31.551166,21.9953384,607.7999878,3.600000143,0.043706294,75,1716
"Amazonas","AM",2012,26.77564141,31.56299585,22.03986051,609.2000122,8,0.037296037,64,1716
"Amazonas","AM",2013,26.84324045,31.61299583,22.12453418,504.2000122,8,0.029137529,50,1716
"Amazonas","AM",2014,26.98863677,31.76089796,22.26847357,475.2000122,7.900000095,0.039044289,67,1716
"Amazonas","AM",2015,27.34941762,32.156236,22.59096777,514,2.299999952,0.073426573,126,1716
"Amazonas","AM",2016,27.09749458,31.83799591,22.40710994,508.8999939,7.5,0.033799534,58,1716
"Amazonas","AM",2017,26.90571135,31.66585134,22.19469734,502.8999939,1.300000072,0.048951049,84,1716
"Bahia","BA",1991,24.23582129,29.67512479,18.84676653,372.1000061,0,0.455223881,366,804
"Bahia","BA",1992,24.22475161,29.69577153,18.80621928,763.4000244,0,0.434079602,349,804
"Bahia","BA",1993,24.58868194,30.05348301,19.17537353,377.1000061,0,0.541044776,435,804
"Bahia","BA",1994,24.45422924,29.92176657,19.0390551,376,0,0.432835821,348,804
"Bahia","BA",1995,24.63781131,30.10435369,19.22263722,337.3999939,0,0.395522388,318,804
"Bahia","BA",1996,24.40547307,29.87189094,18.99104518,524.7999878,0,0.399253731,321,804
"Bahia","BA",1997,24.5215178,29.98830893,19.1065924,478.8999939,0,0.401741294,323,804
"Bahia","BA",1998,25.23830882,30.69937861,19.82748794,363.7000122,0,0.490049751,394,804
"Bahia","BA",1999,24.62524915,30.09204024,19.21032375,365.8999939,0,0.402985075,324,804
"Bahia","BA",2000,24.47313467,29.93992583,19.05820932,362.8999939,0,0.393034826,316,804
"Bahia","BA",2001,24.70286108,30.13930394,19.31815958,335.3000183,0,0.374378109,301,804
"Bahia","BA",2002,25.02027398,30.46604521,19.62462724,459.3000183,0,0.468905473,377,804
"Bahia","BA",2003,24.985075,30.44950292,19.57189094,439.1000061,0,0.465174129,374,804
"Bahia","BA",2004,24.65671677,30.01728903,19.34776153,555.4000244,0,0.437810945,352,804
"Bahia","BA",2005,25.02375661,30.49054772,19.60883123,453.3999939,0,0.417910448,336,804
"Bahia","BA",2006,24.75621927,30.22301042,19.34129391,393.2000122,0,0.38681592,311,804
"Bahia","BA",2007,24.97238845,30.43917957,19.55746305,347.6000061,0,0.53358209,429,804
"Bahia","BA",2008,24.69552276,30.16231387,19.28059739,427.3000183,0,0.452736318,364,804
"Bahia","BA",2009,24.87885611,30.34564724,19.46393072,498.5,0,0.376865672,303,804
"Bahia","BA",2010,25.08743818,30.55422932,19.6725128,375.6000061,0,0.430348259,346,804
"Bahia","BA",2011,24.53445311,30.00124418,19.11952773,471.8000183,0,0.40920398,329,804
"Bahia","BA",2012,24.84291084,30.30970194,19.42798545,384.3000183,0,0.559701493,450,804
"Bahia","BA",2013,24.91480137,30.38159253,19.49987601,479.8000183,0,0.46641791,375,804
"Bahia","BA",2014,24.79427898,30.26107004,19.37935365,328.7000122,0,0.457711443,368,804
"Bahia","BA",2015,25.2490054,30.71579651,19.83407998,430.8999939,0,0.536069652,431,804
"Bahia","BA",2016,25.42263723,30.88942835,20.00771183,653,0,0.572139303,460,804
"Bahia","BA",2017,24.99813469,30.46492583,19.58320928,322.1000061,0,0.51119403,411,804
"Ceara","CE",1991,26.34772754,31.65909141,21.08484887,273.8000183,0,0.598484848,79,132
"Ceara","CE",1992,26.38712162,31.6984855,21.12424288,274.8999939,0,0.666666667,88,132
"Ceara","CE",1993,26.8893943,32.20075821,21.62651552,153,0.100000001,0.712121212,94,132
"Ceara","CE",1994,26.30303068,31.61439452,21.0401519,190.6999969,0.300000012,0.553030303,73,132
"Ceara","CE",1995,26.47197011,31.78333394,21.2090913,260,0,0.522727273,69,132
"Ceara","CE",1996,26.45303076,31.76439451,21.19015189,227.9000092,0.200000003,0.560606061,74,132
"Ceara","CE",1997,26.58787909,31.89924299,21.32500039,265.3000183,0,0.598484848,79,132
"Ceara","CE",1998,27.31060644,32.62197026,22.0477277,237.6000061,0.200000003,0.553030303,73,132
"Ceara","CE",1999,26.60454584,31.91590978,21.34166706,241.5,0.400000006,0.507575758,67,132
"Ceara","CE",2000,26.32878819,31.64015198,21.06590944,223.6000061,0.200000003,0.560606061,74,132
"Ceara","CE",2001,26.62197013,31.93333397,21.3590913,236.9000092,0.200000003,0.522727273,69,132
"Ceara","CE",2002,26.62727313,31.93863694,21.36439425,388.8999939,0.100000001,0.568181818,75,132
"Ceara","CE",2003,26.86590942,32.17727329,21.60303074,252.1999969,0.200000003,0.553030303,73,132
"Ceara","CE",2004,26.52121248,31.83257639,21.25833364,423.1000061,0.100000001,0.515151515,68,132
"Ceara","CE",2005,27.08030339,32.39166724,21.81742466,252.3000031,0,0.522727273,69,132
"Ceara","CE",2006,26.71590941,32.02727331,21.4530307,278.7000122,0.400000006,0.575757576,76,132
"Ceara","CE",2007,26.77197001,32.0833339,21.5090912,366.8999939,0,0.643939394,85,132
"Ceara","CE",2008,26.59697017,31.90833394,21.33409132,496.3999939,0.100000001,0.545454545,72,132
"Ceara","CE",2009,26.58939422,31.90075808,21.32651562,344,0.100000001,0.46969697,62,132
"Ceara","CE",2010,27.15000041,32.46136437,21.88712155,195.6999969,0,0.522727273,69,132
"Ceara","CE",2011,26.40909133,31.72045507,21.14621264,337.7000122,0.100000001,0.537878788,71,132
"Ceara","CE",2012,26.93787917,32.24924298,21.67500041,163.8000031,0,0.757575758,100,132
"Ceara","CE",2013,27.01136404,32.32272793,21.74848525,145.1000061,0.100000001,0.568181818,75,132
"Ceara","CE",2014,26.69924288,32.01060651,21.43636404,357.8999939,0.400000006,0.560606061,74,132
"Ceara","CE",2015,27.1181823,32.42954608,21.85530343,201.1999969,0.100000001,0.613636364,81,132
"Ceara","CE",2016,27.31363682,32.62500065,22.05075796,216.6000061,0,0.628787879,83,132
"Ceara","CE",2017,26.92954597,32.24090955,21.66666707,218.9000092,0.400000006,0.613636364,81,132
"Distrito Federal","DF",1991,22.64166689,28.13333352,17.18333379,367.8999939,0,0.416666667,5,12
"Distrito Federal","DF",1992,22.52500025,28.02500025,17.05833364,361.7000122,0,0.333333333,4,12
"Distrito Federal","DF",1993,22.84166702,28.34166686,17.3750004,356.3999939,0,0.25,3,12
"Distrito Federal","DF",1994,22.87500016,28.37500016,17.4083337,290.8999939,0,0.416666667,5,12
"Distrito Federal","DF",1995,23.22500022,28.72500054,17.75833368,324.6000061,0,0.333333333,4,12
"Distrito Federal","DF",1996,22.95833397,28.45833381,17.49166679,274.1000061,0.400000006,0.416666667,5,12
"Distrito Federal","DF",1997,23.11666695,28.61666711,17.65000025,326.3000183,0,0.25,3,12
"Distrito Federal","DF",1998,23.78333378,29.28333362,18.32500037,249.6000061,0.600000024,0.416666667,5,12
"Distrito Federal","DF",1999,23.23333359,28.73333375,17.76666705,285.8000183,0,0.333333333,4,12
"Distrito Federal","DF",2000,23.03333378,28.53333378,17.56666708,271.1000061,0,0.333333333,4,12
"Distrito Federal","DF",2001,23.25833384,28.75000016,17.80833379,241.6000061,3.400000095,0.25,3,12
"Distrito Federal","DF",2002,23.86666695,29.35833391,18.40833394,380.1000061,0,0.333333333,4,12
"Distrito Federal","DF",2003,23.51666737,29.01666689,18.05000011,270,0,0.416666667,5,12
"Distrito Federal","DF",2004,23.27500025,28.73333391,17.85000038,390.6000061,0,0.416666667,5,12
"Distrito Federal","DF",2005,23.64166705,29.14166689,18.17500035,466.7000122,0,0.416666667,5,12
"Distrito Federal","DF",2006,23.37500016,28.87500032,17.90833362,306.3999939,0,0.333333333,4,12
"Distrito Federal","DF",2007,23.85000054,29.35000006,18.38333344,279.8999939,0,0.5,6,12
"Distrito Federal","DF",2008,23.31666676,28.81666724,17.85000014,352.6000061,0,0.333333333,4,12
"Distrito Federal","DF",2009,23.38333337,28.88333368,17.9166673,375,0.900000036,0.333333333,4,12
"Distrito Federal","DF",2010,23.73333391,29.23333391,18.26666713,362.6000061,0,0.416666667,5,12
"Distrito Federal","DF",2011,23.20000029,28.7000006,17.73333391,372.1000061,0,0.416666667,5,12
"Distrito Federal","DF",2012,23.45833365,28.95833333,17.99166703,325.8000183,2.200000048,0.416666667,5,12
"Distrito Federal","DF",2013,23.508334,29.00833368,18.04166706,471.3000183,0,0.333333333,4,12
"Distrito Federal","DF",2014,23.59166702,29.09166702,18.12500048,361,0,0.416666667,5,12
"Distrito Federal","DF",2015,23.96666718,29.46666702,18.50000048,292.8999939,0,0.416666667,5,12
"Distrito Federal","DF",2016,24.20833381,29.70833381,18.74166695,444.7000122,0,0.5,6,12
"Distrito Federal","DF",2017,23.85833375,29.35833327,18.39166713,283.5,0,0.416666667,5,12
"Espirito Santo","ES",1991,23.41388933,28.73333375,18.15138919,240.4000092,11.30000019,0.25,18,72
"Espirito Santo","ES",1992,23.31944474,28.68888934,18.0000004,333.3999939,10.10000038,0.180555556,13,72
"Espirito Santo","ES",1993,23.7083337,29.08472268,18.38194488,250.3000031,8.199999809,0.319444444,23,72
"Espirito Santo","ES",1994,23.62916697,28.99166727,18.32083378,288.1000061,6.700000286,0.333333333,24,72
"Espirito Santo","ES",1995,23.79861151,29.1541671,18.50416703,273,4.800000191,0.277777778,20,72
"Espirito Santo","ES",1996,23.31250032,28.64027821,18.03333378,302.6000061,9.699999809,0.305555556,22,72
"Espirito Santo","ES",1997,23.6347226,28.98472269,18.33472268,348.3000183,4.800000191,0.319444444,23,72
"Espirito Santo","ES",1998,24.14722265,29.49722258,18.85000045,293.3000183,4.200000286,0.416666667,30,72
"Espirito Santo","ES",1999,23.56388929,28.9138893,18.26388921,334.2000122,13.90000057,0.347222222,25,72
"Espirito Santo","ES",2000,23.60277825,28.95277821,18.3027782,274.3000183,8.900000572,0.305555556,22,72
"Espirito Santo","ES",2001,24.04583375,29.38750042,18.75416697,359.5,3.700000048,0.263888889,19,72
"Espirito Santo","ES",2002,24.43055595,29.77500049,19.13750038,251.6999969,6,0.375,27,72
"Espirito Santo","ES",2003,24.15138933,29.49583369,18.85694481,339.6000061,0.100000001,0.416666667,30,72
"Espirito Santo","ES",2004,23.71944488,29.00277803,18.49027824,316.8000183,11.60000038,0.305555556,22,72
"Espirito Santo","ES",2005,24.08750047,29.43750058,18.78750038,313.2000122,12,0.236111111,17,72
"Espirito Santo","ES",2006,23.87916708,29.2291672,18.57916698,401.3999939,8.5,0.319444444,23,72
"Espirito Santo","ES",2007,24.12361148,29.47361149,18.82361151,203.8000031,2.600000143,0.402777778,29,72
"Espirito Santo","ES",2008,23.79861161,29.14861155,18.49861152,293.8999939,5.099999905,0.375,27,72
"Espirito Santo","ES",2009,24.25694489,29.6069448,18.95694482,331.5,10.10000038,0.25,18,72
"Espirito Santo","ES",2010,24.13055595,29.48055609,18.83055589,352.8000183,6,0.305555556,22,72
"Espirito Santo","ES",2011,23.71388928,29.06388942,18.4138893,346.8000183,4.599999905,0.388888889,28,72
"Espirito Santo","ES",2012,24.09583365,29.44583366,18.79583367,350.3000183,7.099999905,0.277777778,20,72
"Espirito Santo","ES",2013,23.94861142,29.29861151,18.64861151,302.8999939,10,0.347222222,25,72
"Espirito Santo","ES",2014,24.13055592,29.48055596,18.83055594,214.5,11.10000038,0.361111111,26,72
"Espirito Santo","ES",2015,24.7000005,30.0500004,19.40000031,169,8.800000191,0.347222222,25,72
"Espirito Santo","ES",2016,24.50972271,29.85972285,19.20972265,260,4.599999905,0.444444444,32,72
"Espirito Santo","ES",2017,24.25972252,29.60972267,18.95972248,279.1000061,10.30000019,0.194444444,14,72
"Goias","GO",1991,24.35300037,30.28100044,18.47666701,415.3000183,0,0.358333333,215,600
"Goias","GO",1992,24.12266706,30.06233378,18.2335003,443,0,0.323333333,194,600
"Goias","GO",1993,24.4563337,30.41200042,18.55166701,378.6000061,0,0.295,177,600
"Goias","GO",1994,24.59400036,30.53483375,18.70433371,359.2000122,0,0.363333333,218,600
"Goias","GO",1995,24.87500038,30.8090005,18.99166703,417.5,0,0.335,201,600
"Goias","GO",1996,24.58500038,30.50416716,18.71583366,363.7000122,0.300000012,0.361666667,217,600
"Goias","GO",1997,24.78516706,30.71933378,18.90183372,415.2000122,0,0.285,171,600
"Goias","GO",1998,25.31966709,31.25283381,19.43683369,303.6000061,0.400000006,0.371666667,223,600
"Goias","GO",1999,24.92450038,30.85866716,19.04116702,399.5,0,0.33,198,600
"Goias","GO",2000,24.73650036,30.67066711,18.85316708,404.8000183,0,0.298333333,179,600
"Goias","GO",2001,24.92683374,30.85616711,19.04883365,335.2000122,0.699999988,0.256666667,154,600
"Goias","GO",2002,25.53183374,31.46283386,19.65233366,494.8000183,0,0.338333333,203,600
"Goias","GO",2003,25.09716706,31.03133379,19.21383371,423.3000183,0,0.366666667,220,600
"Goias","GO",2004,24.90900037,30.82816719,19.04150037,480.1000061,0,0.396666667,238,600
"Goias","GO",2005,25.287167,31.22133385,19.40383371,535.5,0,0.351666667,211,600
"Goias","GO",2006,25.02766701,30.96183376,19.14433368,347.8999939,0,0.325,195,600
"Goias","GO",2007,25.48633373,31.42050055,19.60300034,389.2000122,0,0.416666667,250,600
"Goias","GO",2008,24.977667,30.91183381,19.09433373,415.8999939,0,0.36,216,600
"Goias","GO",2009,25.02783369,30.96200049,19.14450037,459.5,0.300000012,0.268333333,161,600
"Goias","GO",2010,25.30916704,31.24333385,19.42583367,422.8000183,0,0.385,231,600
"Goias","GO",2011,24.94150037,30.87566722,19.05816703,428.5,0,0.403333333,242,600
"Goias","GO",2012,25.21066705,31.14483383,19.32733372,469.8000183,0,0.323333333,194,600
"Goias","GO",2013,25.17616703,31.11033377,19.29283367,537.4000244,0,0.333333333,200,600
"Goias","GO",2014,25.34833369,31.28250045,19.46500041,428.5,0,0.376666667,226,600
"Goias","GO",2015,25.61700037,31.55116717,19.73366704,373.8999939,0,0.348333333,209,600
"Goias","GO",2016,25.73966703,31.67383389,19.85633366,561.9000244,0,0.411666667,247,600
"Goias","GO",2017,25.56250038,31.49666715,19.67916701,338.8000183,0,0.38,228,600
"Maranhao","MA",1991,26.83409134,32.29823293,21.42045496,542.7000122,0,0.398989899,158,396
"Maranhao","MA",1992,26.87424281,32.33964703,21.45984884,659.1000366,0,0.404040404,160,396
"Maranhao","MA",1993,27.09494985,32.56035413,21.68055597,394.1000061,0,0.297979798,118,396
"Maranhao","MA",1994,26.68131348,32.14671768,21.26691961,498.3000183,0,0.313131313,124,396
"Maranhao","MA",1995,26.97601052,32.44141478,21.56161658,493.8000183,0,0.333333333,132,396
"Maranhao","MA",1996,26.9184347,32.38383898,21.5040408,704.7999878,0,0.328282828,130,396
"Maranhao","MA",1997,27.10757616,32.57298042,21.69318219,579.5,0.100000001,0.381313131,151,396
"Maranhao","MA",1998,27.98156604,33.44671788,22.56742463,575.9000244,0.200000003,0.356060606,141,396
"Maranhao","MA",1999,27.20050542,32.66590978,21.78611145,444.6000061,0,0.333333333,132,396
"Maranhao","MA",2000,26.94318221,32.40858645,21.52878818,574.4000244,0.200000003,0.29040404,115,396
"Maranhao","MA",2001,27.1739903,32.63762691,21.76161658,499.8000183,0.200000003,0.333333333,132,396
"Maranhao","MA",2002,27.37878825,32.84292994,21.96540438,478.8000183,0.200000003,0.28030303,111,396
"Maranhao","MA",2003,27.56792965,33.03333398,22.15353574,505.1000061,0,0.345959596,137,396
"Maranhao","MA",2004,27.34065694,32.8005057,21.93156599,553,0.699999988,0.351010101,139,396
"Maranhao","MA",2005,27.81338425,33.2787886,22.3989903,628.9000244,0,0.381313131,151,396
"Maranhao","MA",2006,27.43585895,32.90126316,22.021465,723.2000122,0.100000001,0.308080808,122,396
"Maranhao","MA",2007,27.66161659,33.12702085,22.24722254,596.1000366,0.100000001,0.351010101,139,396
"Maranhao","MA",2008,27.29292965,32.75833388,21.87853577,568.9000244,0,0.368686869,146,396
"Maranhao","MA",2009,27.15580848,32.62121275,21.7414145,740.5,0.600000024,0.308080808,122,396
"Maranhao","MA",2010,27.84570745,33.31111186,22.4313135,515.6000366,0,0.335858586,133,396
"Maranhao","MA",2011,27.19015185,32.65555616,21.77575796,640,0.100000001,0.328282828,130,396
"Maranhao","MA",2012,27.53863675,33.00404102,22.12424282,781.5,0.100000001,0.381313131,151,396
"Maranhao","MA",2013,27.64949536,33.1148997,22.23510136,616.6000366,0.100000001,0.303030303,120,396
"Maranhao","MA",2014,27.30555596,32.77096022,21.89116197,637.7000122,0.100000001,0.348484848,138,396
"Maranhao","MA",2015,27.75303068,33.21843508,22.33863673,695.9000244,0.400000006,0.434343434,172,396
"Maranhao","MA",2016,28.12272772,33.5881321,22.70833371,637.7000122,0.100000001,0.351010101,139,396
"Maranhao","MA",2017,27.72752559,33.19292993,22.31313166,694,0,0.361111111,143,396
"Mato Grosso","MT",1991,25.83033071,31.97882939,19.73220757,439.7000122,0,0.258258258,344,1332
"Mato Grosso","MT",1992,25.52289828,31.65645702,19.43941474,428.3999939,0,0.242492492,323,1332
"Mato Grosso","MT",1993,25.70052591,31.85480536,19.59669705,442.1000061,0,0.239489489,319,1332
"Mato Grosso","MT",1994,25.99467007,32.15465525,19.88415954,411,0,0.245495495,327,1332
"Mato Grosso","MT",1995,25.98753791,32.1475982,19.87597637,544.7000122,0,0.258258258,344,1332
"Mato Grosso","MT",1996,25.64429467,31.80292848,19.53476013,431.2000122,0,0.255255255,340,1332
"Mato Grosso","MT",1997,26.16073612,32.32237293,20.04797335,496.8999939,0,0.231231231,308,1332
"Mato Grosso","MT",1998,26.29114155,32.45870932,20.17222257,494.7000122,0,0.241741742,322,1332
"Mato Grosso","MT",1999,26.05292831,32.21914476,19.93596134,459.6000061,0,0.295045045,393,1332
"Mato Grosso","MT",2000,25.90322859,32.07087146,19.7851355,470.8000183,0,0.256756757,342,1332
"Mato Grosso","MT",2001,26.01148686,32.18055618,19.89136674,445.8999939,0,0.243243243,324,1332
"Mato Grosso","MT",2002,26.37485025,32.53964023,20.26058597,580.5,0,0.242492492,323,1332
"Mato Grosso","MT",2003,25.97244784,32.13400957,19.86081116,511.1000061,0,0.237237237,316,1332
"Mato Grosso","MT",2004,26.13093133,32.29399462,20.01666706,561,0,0.302552553,403,1332
"Mato Grosso","MT",2005,26.19204241,32.35480543,20.07785322,503.8000183,0,0.249249249,332,1332
"Mato Grosso","MT",2006,26.09196732,32.25885944,19.97560098,458.3999939,0,0.265015015,353,1332
"Mato Grosso","MT",2007,26.18596133,32.35157718,20.07012051,406,0,0.304804805,406,1332
"Mato Grosso","MT",2008,25.85998537,32.02650208,19.74339378,477.5,0,0.277777778,370,1332
"Mato Grosso","MT",2009,26.03250793,32.18048111,19.9335589,462.1000061,0,0.204954955,273,1332
"Mato Grosso","MT",2010,26.19737274,32.35968529,20.08633669,524.2000122,0,0.313813814,418,1332
"Mato Grosso","MT",2011,26.16088625,32.31839402,20.05277816,542.9000244,0,0.298798799,398,1332
"Mato Grosso","MT",2012,26.10518054,32.25675736,20.00315354,449.3999939,0,0.267267267,356,1332
"Mato Grosso","MT",2013,26.14159198,32.28558616,20.04669707,566.4000244,0,0.25975976,346,1332
"Mato Grosso","MT",2014,26.38265805,32.52379941,20.29076615,417.3999939,0,0.241741742,322,1332
"Mato Grosso","MT",2015,26.57747782,32.73040604,20.4740244,494.6000061,0,0.291291291,388,1332
"Mato Grosso","MT",2016,26.35915954,32.52012078,20.24752291,503.1000061,0,0.259009009,345,1332
"Mato Grosso","MT",2017,26.41343885,32.55698262,20.3201205,453.8999939,0,0.258258258,344,1332
"Mato Grosso do Sul","MS",1991,24.84583372,30.4921574,19.24828471,293.8000183,6.200000286,0.196078431,80,408
"Mato Grosso do Sul","MS",1992,24.12843175,29.69338273,18.61348074,301.8999939,3.5,0.149509804,61,408
"Mato Grosso do Sul","MS",1993,24.60735328,30.25955932,19.00318659,310.8999939,4.200000286,0.149509804,61,408
"Mato Grosso do Sul","MS",1994,25.28872587,30.89583385,19.73088275,305.2000122,0.600000024,0.156862745,64,408
"Mato Grosso do Sul","MS",1995,24.96029455,30.63725542,19.33186311,355.8000183,1.5,0.24754902,101,408
"Mato Grosso do Sul","MS",1996,24.5080886,30.13455925,18.93112775,300.8000183,0.5,0.235294118,96,408
"Mato Grosso do Sul","MS",1997,25.2438729,30.84681425,19.68701021,389,2.700000048,0.174019608,71,408
"Mato Grosso do Sul","MS",1998,24.82720627,30.3995103,19.30220625,365.6000061,1.700000048,0.181372549,74,408
"Mato Grosso do Sul","MS",1999,25.07598073,30.72647111,19.47352978,294.6000061,0.800000012,0.289215686,118,408
"Mato Grosso do Sul","MS",2000,24.87205922,30.50343187,19.28995137,305.8999939,9.100000381,0.154411765,63,408
"Mato Grosso do Sul","MS",2001,25.35024548,30.96078489,19.78872586,334.8999939,1.800000072,0.24754902,101,408
"Mato Grosso do Sul","MS",2002,25.77181411,31.36470646,20.22745131,315,0.200000003,0.289215686,118,408
"Mato Grosso do Sul","MS",2003,25.11789255,30.82303973,19.46176503,402.1000061,7.099999905,0.181372549,74,408
"Mato Grosso do Sul","MS",2004,24.92328468,30.59583386,19.29877487,314,3.299999952,0.213235294,87,408
"Mato Grosso do Sul","MS",2005,25.0078435,30.66323587,19.40098074,358.8000183,0.5,0.242647059,99,408
"Mato Grosso do Sul","MS",2006,25.23995141,30.93455936,19.59509837,365.8000183,7.900000095,0.178921569,73,408
"Mato Grosso do Sul","MS",2007,25.13406899,30.7654417,19.55147092,479.2000122,0.100000001,0.306372549,125,408
"Mato Grosso do Sul","MS",2008,24.93725527,30.6254907,19.29681406,323.1000061,1.700000048,0.230392157,94,408
"Mato Grosso do Sul","MS",2009,25.16446118,30.82107904,19.55588271,369.6000061,5.800000191,0.171568627,70,408
"Mato Grosso do Sul","MS",2010,24.89215722,30.53602991,19.29362779,324.7000122,0.200000003,0.25,102,408
"Mato Grosso do Sul","MS",2011,25.11250033,30.75196135,19.519118,353.3000183,3,0.24754902,101,408
"Mato Grosso do Sul","MS",2012,25.49681407,31.16102993,19.88063758,354.6000061,2,0.210784314,86,408
"Mato Grosso do Sul","MS",2013,25.02524548,30.69534361,19.40318664,386.2000122,4.099999905,0.181372549,74,408
"Mato Grosso do Sul","MS",2014,25.55465723,31.11838287,20.0419121,309.8000183,3.799999952,0.139705882,57,408
"Mato Grosso do Sul","MS",2015,25.52941218,31.05759856,20.05122586,408.6000061,2,0.151960784,62,408
"Mato Grosso do Sul","MS",2016,24.92328472,30.50857902,19.3850494,376.3999939,1,0.171568627,70,408
"Mato Grosso do Sul","MS",2017,25.57156896,31.16372608,20.02573565,308.8999939,0.800000012,0.176470588,72,408
"Minas Gerais","MG",1991,23.17530157,28.87158676,17.53082362,477.3000183,0,0.38253012,381,996
"Minas Gerais","MG",1992,23.02540198,28.775904,17.32660674,605,0,0.33935743,338,996
"Minas Gerais","MG",1993,23.38012086,29.18222931,17.62941801,378.6000061,0,0.360441767,359,996
"Minas Gerais","MG",1994,23.42781163,29.17700844,17.73072322,383.3000183,0,0.401606426,400,996
"Minas Gerais","MG",1995,23.6949803,29.42108476,18.01998029,410.5,0,0.343373494,342,996
"Minas Gerais","MG",1996,23.32670721,28.99759079,17.70542203,394.6000061,0,0.359437751,358,996
"Minas Gerais","MG",1997,23.53323332,29.25913694,17.85823329,400.1000061,0,0.301204819,300,996
"Minas Gerais","MG",1998,24.03755058,29.76074338,18.36475938,318.7000122,0,0.391566265,390,996
"Minas Gerais","MG",1999,23.54859474,29.27449838,17.87359471,398.6000061,0,0.359437751,358,996
"Minas Gerais","MG",2000,23.48283167,29.20873533,17.8078317,390.2000122,0,0.353413655,352,996
"Minas Gerais","MG",2001,23.80903654,29.51957868,18.14949832,363.3999939,0,0.294176707,293,996
"Minas Gerais","MG",2002,24.32610482,30.0413659,18.66154654,418.3000183,0,0.390562249,389,996
"Minas Gerais","MG",2003,23.93745019,29.66144621,18.26415697,680,0,0.426706827,425,996
"Minas Gerais","MG",2004,23.62168714,29.2877514,18.00672725,443.7000122,0,0.385542169,384,996
"Minas Gerais","MG",2005,24.0082333,29.73413697,18.33323331,535.5,0,0.362449799,361,996
"Minas Gerais","MG",2006,23.78072326,29.50662698,18.10572324,401.3999939,0,0.325301205,324,996
"Minas Gerais","MG",2007,24.14969918,29.87560288,18.47469913,495.3999939,0,0.449799197,448,996
"Minas Gerais","MG",2008,23.70090398,29.42680765,18.02590397,510.6000061,0,0.371485944,370,996
"Minas Gerais","MG",2009,23.93925741,29.66516105,18.26425739,496.5,0,0.270080321,269,996
"Minas Gerais","MG",2010,24.02389596,29.74979964,18.34889592,553.7000122,0,0.37248996,371,996
"Minas Gerais","MG",2011,23.62610482,29.35200847,17.95110476,610.2000122,0,0.41064257,409,996
"Minas Gerais","MG",2012,23.98594414,29.71184781,18.31094414,479.1000061,0,0.378514056,377,996
"Minas Gerais","MG",2013,23.86445821,29.59036182,18.18945818,537.4000244,0,0.37248996,371,996
"Minas Gerais","MG",2014,24.0813257,29.8072293,18.40632567,428.5,0,0.413654618,412,996
"Minas Gerais","MG",2015,24.46987994,30.19578356,18.79487986,383.7000122,0,0.38253012,381,996
"Minas Gerais","MG",2016,24.43283169,30.15873542,18.75783167,561.9000244,0,0.446787149,445,996
"Minas Gerais","MG",2017,24.24307267,29.96897632,18.56807259,500.3000183,0,0.380522088,379,996
"Para","PA",1991,26.38939433,31.50537935,21.32333371,569.7000122,0,0.165151515,218,1320
"Para","PA",1992,26.35825798,31.5078036,21.25795492,687.7999878,1,0.172727273,228,1320
"Para","PA",1993,26.27681855,31.40143989,21.20272765,476,0,0.086363636,114,1320
"Para","PA",1994,26.23742463,31.37189444,21.15257613,599.2999878,0,0.100757576,133,1320
"Para","PA",1995,26.61901553,31.7561369,21.53204582,631.7999878,0,0.156060606,206,1320
"Para","PA",1996,26.49212159,31.61166718,21.42378826,784.7999878,0,0.138636364,183,1320
"Para","PA",1997,26.69106099,31.84272784,21.58992462,579.5,0.100000001,0.143181818,189,1320
"Para","PA",1998,27.19318219,32.4048491,22.03310642,575.9000244,0,0.116666667,154,1320
"Para","PA",1999,26.55015191,31.74356112,21.40795493,517.6000366,0,0.114393939,151,1320
"Para","PA",2000,26.47416706,31.66681876,21.33265188,641.2000122,0,0.093181818,123,1320
"Para","PA",2001,26.69015191,31.86924299,21.5603792,499.8000183,0,0.125757576,166,1320
"Para","PA",2002,26.87500034,32.02833393,21.77257612,543.2999878,0,0.13030303,172,1320
"Para","PA",2003,26.96106097,32.12007634,21.85280343,505.1000061,0,0.093939394,124,1320
"Para","PA",2004,26.90492463,32.0796218,21.77977312,660,0.800000012,0.131818182,174,1320
"Para","PA",2005,27.19863674,32.38340972,22.06356099,628.9000244,0,0.124242424,164,1320
"Para","PA",2006,26.91916704,32.10053088,21.78681858,723.2000122,0,0.112878788,149,1320
"Para","PA",2007,27.00128823,32.18053087,21.87128828,617.5,0,0.118939394,157,1320
"Para","PA",2008,26.73689432,31.89931875,21.62484886,568.9000244,0,0.112121212,148,1320
"Para","PA",2009,26.83848524,31.98424297,21.74212158,567.7999878,0.600000024,0.121212121,160,1320
"Para","PA",2010,27.22083368,32.38121272,22.11098524,544.7999878,0,0.122727273,162,1320
"Para","PA",2011,26.90068218,32.01537935,21.83742464,640,0.100000001,0.120454545,159,1320
"Para","PA",2012,26.90674279,32.01431875,21.8497731,781.5,0.300000012,0.137121212,181,1320
"Para","PA",2013,27.09250039,32.18962178,22.04606097,642.4000244,0.100000001,0.098484848,130,1320
"Para","PA",2014,26.97697007,32.06825815,21.93757616,639.7000122,0.100000001,0.123484848,163,1320
"Para","PA",2015,27.21363671,32.33174304,22.14401555,744.5,0.600000024,0.178787879,236,1320
"Para","PA",2016,27.38151555,32.46909158,22.34469735,637.7000122,0.400000006,0.115909091,153,1320
"Para","PA",2017,27.13969737,32.23378848,22.09553065,694,0,0.13030303,172,1320
"Paraiba","PB",1991,25.50615979,30.58623232,20.47500037,284.8999939,0,0.586956522,162,276
"Paraiba","PB",1992,25.56014533,30.64058019,20.52862362,274.8999939,0,0.550724638,152,276
"Paraiba","PB",1993,26.04239168,31.1228266,21.01086991,153,0,0.673913043,186,276
"Paraiba","PB",1994,25.58623225,30.66666714,20.5547105,381.7000122,0,0.489130435,135,276
"Paraiba","PB",1995,25.71340615,30.79384102,20.68188447,298.3000183,0,0.52173913,144,276
"Paraiba","PB",1996,25.67826125,30.75869612,20.64673952,310.8000183,0,0.449275362,124,276
"Paraiba","PB",1997,25.77753656,30.85797148,20.74601491,299,0,0.550724638,152,276
"Paraiba","PB",1998,26.50289899,31.58333389,21.47137719,284.3000183,0,0.52173913,144,276
"Paraiba","PB",1999,25.79891344,30.87934834,20.76739172,266.5,0,0.507246377,140,276
"Paraiba","PB",2000,25.52971051,30.61014541,20.49818877,475.1000061,0,0.438405797,121,276
"Paraiba","PB",2001,25.78623226,30.86594255,20.75579751,435.5,0,0.5,138,276
"Paraiba","PB",2002,25.7833337,30.86340628,20.7521742,551.9000244,0,0.492753623,136,276
"Paraiba","PB",2003,26.00471056,31.08514545,20.97318875,275.8000183,0,0.474637681,131,276
"Paraiba","PB",2004,25.65289891,30.7304353,20.62500033,549.2000122,0,0.481884058,133,276
"Paraiba","PB",2005,26.15724676,31.23768167,21.125725,590.2999878,0,0.467391304,129,276
"Paraiba","PB",2006,25.85652212,30.93695701,20.8250004,522.6000366,0,0.449275362,124,276
"Paraiba","PB",2007,25.85507286,30.9355077,20.82355107,366.8999939,0,0.59057971,163,276
"Paraiba","PB",2008,25.73478305,30.81521792,20.70326122,514.1000366,0,0.467391304,129,276
"Paraiba","PB",2009,25.78695687,30.86739177,20.75543518,344,0,0.438405797,121,276
"Paraiba","PB",2010,26.24130473,31.32173968,21.20978295,498.5,0,0.496376812,137,276
"Paraiba","PB",2011,25.54239171,30.62282661,20.51087004,508,0,0.456521739,126,276
"Paraiba","PB",2012,25.99746409,31.07789901,20.96594238,163.8000031,0,0.692028986,191,276
"Paraiba","PB",2013,26.12753665,31.20797159,21.09601489,310.3999939,0,0.543478261,150,276
"Paraiba","PB",2014,25.82608731,30.90652222,20.79456563,357.8999939,0,0.423913043,117,276
"Paraiba","PB",2015,26.19891343,31.27934836,21.16739169,275.3000183,0,0.59057971,163,276
"Paraiba","PB",2016,26.39565258,31.47608752,21.36413079,228.1000061,0,0.648550725,179,276
"Paraiba","PB",2017,25.99637718,31.07681207,20.9648555,361.3999939,0,0.59057971,163,276
"Parana","PR",1991,20.22348518,25.59772762,14.89696999,321.1000061,17.39999962,0.090909091,12,132
"Parana","PR",1992,19.7477277,25.1371215,14.40909115,402.8999939,20.80000114,0.060606061,8,132
"Parana","PR",1993,20.01212152,25.65833371,14.41515176,346,23.39999962,0.03030303,4,132
"Parana","PR",1994,20.51060638,25.9333337,15.14015171,316.5,9.300000191,0.083333333,11,132
"Parana","PR",1995,20.47272767,25.91969739,15.07121234,529.7999878,24.60000038,0.045454545,6,132
"Parana","PR",1996,19.94090947,25.15378832,14.77121236,520.7999878,11.5,0.098484848,13,132
"Parana","PR",1997,20.53560643,25.87954583,15.24469726,454.1000061,28.30000114,0.022727273,3,132
"Parana","PR",1998,20.30303073,25.60000024,15.05227297,444.6000061,29.39999962,0.075757576,10,132
"Parana","PR",1999,20.11969734,25.52500034,14.76590933,396.3999939,2.900000095,0.083333333,11,132
"Parana","PR",2000,20.1636367,25.53939434,14.83863658,298.8999939,13,0.098484848,13,132
"Parana","PR",2001,20.95151547,26.28712156,15.66666698,443.1000061,32.70000076,0.037878788,5,132
"Parana","PR",2002,21.30833374,26.60530345,16.06515181,339.7000122,10.40000057,0.083333333,11,132
"Parana","PR",2003,20.64469729,26.0878792,15.25378812,316.8999939,19.89999962,0.083333333,11,132
"Parana","PR",2004,20.2787882,25.69242459,14.91212149,355.6000061,4.5,0.113636364,15,132
"Parana","PR",2005,20.6977277,26.09318227,15.34772754,385.2000122,30.80000114,0.03030303,4,132
"Parana","PR",2006,20.75227305,26.19621238,15.35303064,297.6000061,20.20000076,0.181818182,24,132
"Parana","PR",2007,20.7174246,26.08484881,15.39924271,338.8999939,7.900000095,0.151515152,20,132
"Parana","PR",2008,20.31060642,25.75454585,14.91893966,356.8000183,14.10000038,0.060606061,8,132
"Parana","PR",2009,20.58030342,25.97575795,15.227273,344.2000122,25.20000076,0.03030303,4,132
"Parana","PR",2010,20.39318212,25.75909131,15.07272757,517.2999878,20.60000038,0.068181818,9,132
"Parana","PR",2011,20.40530343,25.79545494,15.06818212,485.3999939,17.80000114,0.068181818,9,132
"Parana","PR",2012,21.09697011,26.51969743,15.73181842,328.1000061,8.300000191,0.113636364,15,132
"Parana","PR",2013,20.3545458,25.7553034,15.0045457,283.2000122,6.200000286,0.053030303,7,132
"Parana","PR",2014,21.22272763,26.54242462,15.95227307,352.5,33.40000153,0.03030303,4,132
"Parana","PR",2015,21.11515192,26.40606103,15.87575782,379,26.39999962,0.045454545,6,132
"Parana","PR",2016,20.44848519,25.79090949,15.15151539,344.1000061,27.10000038,0.03030303,4,132
"Parana","PR",2017,21.16439428,26.51515188,15.86212152,350.5,2.200000048,0.113636364,15,132
"Pernambuco","PE",1991,25.34814857,30.44305602,20.3018522,282,0,0.611111111,132,216
"Pernambuco","PE",1992,25.40787077,30.50324118,20.36064858,274.8999939,0,0.560185185,121,216
"Pernambuco","PE",1993,25.8833337,30.97870416,20.83611147,132.6999969,0,0.703703704,152,216
"Pernambuco","PE",1994,25.44074111,30.53611155,20.39351887,381.7000122,0,0.509259259,110,216
"Pernambuco","PE",1995,25.56574108,30.66111152,20.51851894,257.1000061,0,0.546296296,118,216
"Pernambuco","PE",1996,25.5208337,30.61620417,20.47361151,310.8000183,0,0.472222222,102,216
"Pernambuco","PE",1997,25.61712994,30.71250044,20.5699078,276,0,0.574074074,124,216
"Pernambuco","PE",1998,26.3490745,31.44444499,21.30185225,231.1999969,0,0.550925926,119,216
"Pernambuco","PE",1999,25.64629668,30.74166716,20.5990745,266.5,0,0.541666667,117,216
"Pernambuco","PE",2000,25.37963,30.47500045,20.33240773,301.3999939,0,0.453703704,98,216
"Pernambuco","PE",2001,25.63240781,30.72685237,20.58703747,307,0,0.527777778,114,216
"Pernambuco","PE",2002,25.6328707,30.72777828,20.5865744,388.8999939,0,0.532407407,115,216
"Pernambuco","PE",2003,25.85416712,30.94953752,20.80694479,235.9000092,0,0.50462963,109,216
"Pernambuco","PE",2004,25.50046335,30.59120424,20.45879661,423.1000061,0,0.50462963,109,216
"Pernambuco","PE",2005,25.99398186,31.08935231,20.94675961,339.8000183,0,0.486111111,105,216
"Pernambuco","PE",2006,25.70185223,30.79722273,20.65463003,323.7000122,0,0.476851852,103,216
"Pernambuco","PE",2007,25.69583373,30.79120413,20.64861149,366.8999939,0,0.611111111,132,216
"Pernambuco","PE",2008,25.580093,30.67546346,20.53287069,496.3999939,0,0.486111111,105,216
"Pernambuco","PE",2009,25.64490775,30.74027823,20.59768556,344,0,0.453703704,98,216
"Pernambuco","PE",2010,26.0773152,31.17268567,21.0300929,332.6000061,0,0.523148148,113,216
"Pernambuco","PE",2011,25.3865745,30.48194495,20.3393523,404.1000061,0,0.486111111,105,216
"Pernambuco","PE",2012,25.83240775,30.92777826,20.78518552,163.8000031,0,0.731481481,158,216
"Pernambuco","PE",2013,25.96064858,31.05601906,20.91342635,210,0,0.578703704,125,216
"Pernambuco","PE",2014,25.65925963,30.7546301,20.61203745,357.8999939,0,0.462962963,100,216
"Pernambuco","PE",2015,26.03657444,31.13194493,20.98935221,253.4000092,0,0.615740741,133,216
"Pernambuco","PE",2016,26.22963003,31.32500057,21.18240781,216.6000061,0,0.694444444,150,216
"Pernambuco","PE",2017,25.82546331,30.92083376,20.77824116,302.8999939,0,0.62962963,136,216
"Piaui","PI",1991,26.61635843,32.1382722,21.142593,389.1000061,0,0.543209877,176,324
"Piaui","PI",1992,26.68240779,32.20740795,21.20586456,354.8000183,0,0.524691358,170,324
"Piaui","PI",1993,27.00462999,32.52963021,21.5280868,256,0,0.49382716,160,324
"Piaui","PI",1994,26.52654353,32.05154375,21.05000043,493.3999939,0,0.459876543,149,324
"Piaui","PI",1995,26.76913621,32.29413642,21.292593,479.2000122,0,0.425925926,138,324
"Piaui","PI",1996,26.7061732,32.23117335,21.22963005,493,0,0.447530864,145,324
"Piaui","PI",1997,26.8765436,32.40154381,21.40000041,552.7000122,0,0.49382716,160,324
"Piaui","PI",1998,27.70864237,33.23302535,22.23271647,302.7000122,0,0.481481481,156,324
"Piaui","PI",1999,26.94814849,32.47314884,21.47160528,444.6000061,0,0.444444444,144,324
"Piaui","PI",2000,26.68950658,32.21450671,21.21296327,427.8999939,0,0.438271605,142,324
"Piaui","PI",2001,26.93765471,32.45740802,21.46697572,387.3000183,0,0.459876543,149,324
"Piaui","PI",2002,27.07253126,32.59413643,21.59907439,439.6000061,0,0.450617284,146,324
"Piaui","PI",2003,27.28302509,32.80802532,21.80648185,388.3999939,0,0.484567901,157,324
"Piaui","PI",2004,27.0040127,32.51296361,21.54351883,523.7999878,0,0.50308642,163,324
"Piaui","PI",2005,27.48179052,33.00679093,22.00524727,392,0,0.49382716,160,324
"Piaui","PI",2006,27.12592629,32.65092643,21.64938307,486.6000061,0,0.435185185,141,324
"Piaui","PI",2007,27.30123496,32.82623519,21.82469168,596.1000366,0,0.509259259,165,324
"Piaui","PI",2008,26.98209916,32.5070993,21.50555597,551.9000244,0,0.487654321,158,324
"Piaui","PI",2009,26.89938312,32.42438333,21.42283991,740.5,0,0.404320988,131,324
"Piaui","PI",2010,27.53271642,33.05771673,22.05617319,372.6000061,0,0.447530864,145,324
"Piaui","PI",2011,26.8135806,32.33858075,21.33703742,498,0,0.453703704,147,324
"Piaui","PI",2012,27.245988,32.77098826,21.76944482,363.6000061,0,0.555555556,180,324
"Piaui","PI",2013,27.34290161,32.86790199,21.86635837,372.6000061,0,0.456790123,148,324
"Piaui","PI",2014,26.99321026,32.5182105,21.516667,398,0,0.459876543,149,324
"Piaui","PI",2015,27.42469171,32.94969203,21.94814853,336.1000061,0,0.558641975,181,324
"Piaui","PI",2016,27.75956837,33.28456865,22.28302506,377.5,0,0.537037037,174,324
"Piaui","PI",2017,27.33580283,32.86080304,21.85925961,362.5,0,0.484567901,157,324
"Rio de Janeiro","RJ",1991,22.34880988,27.40000048,17.35000039,451.8000183,2.299999952,0.273809524,23,84
"Rio de Janeiro","RJ",1992,22.266667,27.45476223,17.13214311,431.8000183,1.5,0.19047619,16,84
"Rio de Janeiro","RJ",1993,22.58452425,27.97261937,17.24880986,292.8000183,3.100000143,0.285714286,24,84
"Rio de Janeiro","RJ",1994,22.54166718,27.7285718,17.40238119,352.7000122,1.899999976,0.369047619,31,84
"Rio de Janeiro","RJ",1995,22.79523847,27.90119078,17.73690513,335,2.600000143,0.25,21,84
"Rio de Janeiro","RJ",1996,22.26904812,27.18095282,17.40952418,320.5,8.100000381,0.297619048,25,84
"Rio de Janeiro","RJ",1997,22.63571469,27.74523851,17.5797623,400.1000061,4.300000191,0.273809524,23,84
"Rio de Janeiro","RJ",1998,22.94047657,28.05000026,17.88452413,276.8000183,0.5,0.285714286,24,84
"Rio de Janeiro","RJ",1999,22.38095268,27.49047663,17.32500031,314.8000183,3.200000048,0.285714286,24,84
"Rio de Janeiro","RJ",2000,22.52261938,27.63214316,17.46666694,378.2000122,0.800000012,0.297619048,25,84
"Rio de Janeiro","RJ",2001,23.08452418,28.19404784,18.02857175,363.3999939,1.100000024,0.214285714,18,84
"Rio de Janeiro","RJ",2002,23.51785767,28.62738137,18.46190509,352.3999939,0.600000024,0.369047619,31,84
"Rio de Janeiro","RJ",2003,23.05357186,28.16309586,18.00119089,680,0.900000036,0.488095238,41,84
"Rio de Janeiro","RJ",2004,22.62261952,27.72023841,17.57857175,440,0.800000012,0.273809524,23,84
"Rio de Janeiro","RJ",2005,23.07857196,28.18809562,18.02261951,348.3000183,6.700000286,0.178571429,15,84
"Rio de Janeiro","RJ",2006,22.88452416,27.99404805,17.82857183,321.8000183,2.799999952,0.285714286,24,84
"Rio de Janeiro","RJ",2007,23.15714321,28.26666709,18.10119078,319.3999939,0.5,0.369047619,31,84
"Rio de Janeiro","RJ",2008,22.70119083,27.81071461,17.6452385,510.6000061,0.400000006,0.261904762,22,84
"Rio de Janeiro","RJ",2009,23.17261948,28.28214316,18.11666694,496.5,7.099999905,0.154761905,13,84
"Rio de Janeiro","RJ",2010,23.02500029,28.13452412,17.969048,350.8000183,0.300000012,0.25,21,84
"Rio de Janeiro","RJ",2011,22.68095273,27.79047659,17.62500041,598.5,0.600000024,0.380952381,32,84
"Rio de Janeiro","RJ",2012,23.1726195,28.28214325,18.11666701,383.6000061,0.200000003,0.285714286,24,84
"Rio de Janeiro","RJ",2013,22.86547665,27.97500025,17.80952421,417.8000183,1,0.297619048,25,84
"Rio de Janeiro","RJ",2014,23.2940481,28.40357176,18.23809556,216.6000061,5.099999905,0.333333333,28,84
"Rio de Janeiro","RJ",2015,23.73928608,28.8488099,18.6833336,253.1999969,1.5,0.297619048,25,84
"Rio de Janeiro","RJ",2016,23.3797623,28.48928622,18.32380987,297.7000122,0.900000036,0.333333333,28,84
"Rio de Janeiro","RJ",2017,23.43095272,28.54047666,18.37500027,289.8999939,1.399999976,0.166666667,14,84
"Rio Grande do Norte","RN",1991,27.03500039,31.90500059,22.22000033,189.3000031,0,0.616666667,37,60
"Rio Grande do Norte","RN",1992,27.06166697,31.9316673,22.24666713,197.9000092,0,0.583333333,35,60
"Rio Grande do Norte","RN",1993,27.62500041,32.49500078,22.81000032,119.7000046,0,0.883333333,53,60
"Rio Grande do Norte","RN",1994,27.0883337,31.95833403,22.27333371,289.3999939,0,0.466666667,28,60
"Rio Grande do Norte","RN",1995,27.2200003,32.09000069,22.4050004,302.8000183,0,0.55,33,60
"Rio Grande do Norte","RN",1996,27.24833371,32.11833388,22.43333371,265.7000122,0,0.5,30,60
"Rio Grande do Norte","RN",1997,27.33500029,32.20500062,22.52000036,255.9000092,0,0.6,36,60
"Rio Grande do Norte","RN",1998,27.98333365,32.85333382,23.16833378,247.4000092,0,0.566666667,34,60
"Rio Grande do Norte","RN",1999,27.34333375,32.21333396,22.52833379,219,0,0.533333333,32,60
"Rio Grande do Norte","RN",2000,27.05000025,31.92000071,22.23500036,370.2000122,0,0.333333333,20,60
"Rio Grande do Norte","RN",2001,27.3133337,32.18333387,22.49833371,313.3999939,0,0.5,30,60
"Rio Grande do Norte","RN",2002,27.24166714,32.11166716,22.4266669,387.8000183,0,0.45,27,60
"Rio Grande do Norte","RN",2003,27.43666709,32.3066673,22.62166694,235.9000092,0,0.466666667,28,60
"Rio Grande do Norte","RN",2004,27.08166704,31.95166728,22.26666711,394.3999939,0,0.433333333,26,60
"Rio Grande do Norte","RN",2005,27.63500042,32.50500062,22.82000036,417.6000061,0,0.45,27,60
"Rio Grande do Norte","RN",2006,27.35666704,32.22666712,22.54166711,379.3000183,0,0.483333333,29,60
"Rio Grande do Norte","RN",2007,27.2983338,32.16833382,22.48333368,213,0,0.583333333,35,60
"Rio Grande do Norte","RN",2008,27.20166709,32.07166713,22.386667,411.8999939,0,0.466666667,28,60
"Rio Grande do Norte","RN",2009,27.23166717,32.10166725,22.41666702,328.5,0,0.4,24,60
"Rio Grande do Norte","RN",2010,27.75166699,32.62166754,22.936667,359.7000122,0,0.5,30,60
"Rio Grande do Norte","RN",2011,27.03333375,31.90333395,22.21833372,396.7000122,0,0.45,27,60
"Rio Grande do Norte","RN",2012,27.521667,32.39166746,22.70666707,126.7000046,0,0.65,39,60
"Rio Grande do Norte","RN",2013,27.66500041,32.53500032,22.85000038,233.5,0,0.533333333,32,60
"Rio Grande do Norte","RN",2014,27.39333372,32.26333408,22.57833389,289.5,0,0.516666667,31,60
"Rio Grande do Norte","RN",2015,27.70833371,32.57833389,22.89333375,214,0,0.566666667,34,60
"Rio Grande do Norte","RN",2016,27.8966671,32.76666743,23.08166714,192,0,0.55,33,60
"Rio Grande do Norte","RN",2017,27.56666708,32.43666741,22.75166696,273.8000183,0,0.533333333,32,60
"Rio Grande do Sul","RS",1991,20.54621241,25.89697017,15.25075783,304.1000061,6.700000286,0.075757576,10,132
"Rio Grande do Sul","RS",1992,19.84696997,24.82500042,14.91666697,342.8999939,40.79999924,0,0,132
"Rio Grande do Sul","RS",1993,20.17954584,25.48106098,14.92196995,250,29.30000114,0.060606061,8,132
"Rio Grande do Sul","RS",1994,20.75681851,25.86212171,15.70303062,339,50.10000229,0,0,132
"Rio Grande do Sul","RS",1995,20.35606095,25.86060638,14.90075787,300.1000061,20.89999962,0.037878788,5,132
"Rio Grande do Sul","RS",1996,19.89848516,25.19393979,14.64772753,387.6000061,26.70000076,0.03030303,4,132
"Rio Grande do Sul","RS",1997,20.76969724,25.87348525,15.71212151,343.3999939,38.79999924,0.007575758,1,132
"Rio Grande do Sul","RS",1998,20.02348519,24.925758,15.17121239,476.3000183,61.70000076,0,0,132
"Rio Grande do Sul","RS",1999,20.11742457,25.5068186,14.77954571,246.6000061,6.800000191,0.053030303,7,132
"Rio Grande do Sul","RS",2000,20.00454581,25.17651554,14.88030325,359.1000061,39.5,0.007575758,1,132
"Rio Grande do Sul","RS",2001,20.92878816,25.96969727,15.94090943,340.8999939,39.79999924,0.007575758,1,132
"Rio Grande do Sul","RS",2002,20.83636396,25.77500041,15.95227307,388,62.40000153,0,0,132
"Rio Grande do Sul","RS",2003,20.42878824,25.83863679,15.05757607,325,21.30000114,0.037878788,5,132
"Rio Grande do Sul","RS",2004,20.21060637,25.60227332,14.86515184,285,27.80000114,0.037878788,5,132
"Rio Grande do Sul","RS",2005,20.50378823,25.76439434,15.29166696,368,19,0.068181818,9,132
"Rio Grande do Sul","RS",2006,20.85606103,26.39772775,15.36212151,292.2000122,38.10000229,0.007575758,1,132
"Rio Grande do Sul","RS",2007,20.28484883,25.50378829,15.1098488,268.7000122,12.19999981,0.060606061,8,132
"Rio Grande do Sul","RS",2008,20.3439397,25.91515189,14.81590939,342.2000122,38.5,0.007575758,1,132
"Rio Grande do Sul","RS",2009,20.40454584,25.87651561,14.98106088,366.7000122,23.30000114,0.015151515,2,132
"Rio Grande do Sul","RS",2010,20.20909128,25.47727316,14.98787905,299,21.10000038,0.037878788,5,132
"Rio Grande do Sul","RS",2011,20.42197002,25.74318221,15.15227303,441.8000183,21.89999962,0.022727273,3,132
"Rio Grande do Sul","RS",2012,21.14393971,26.57272771,15.76742451,342.1000061,33.20000076,0.015151515,2,132
"Rio Grande do Sul","RS",2013,20.1340912,25.51969748,14.79545478,264.2000122,44.5,0,0,132
"Rio Grande do Sul","RS",2014,21.11590945,26.15378835,16.12500028,359.3000183,16.5,0.03030303,4,132
"Rio Grande do Sul","RS",2015,20.95757614,25.90833362,16.05530331,400.2000122,49.20000076,0,0,132
"Rio Grande do Sul","RS",2016,20.16136398,25.29621259,15.07878814,295.8999939,40.79999924,0,0,132
"Rio Grande do Sul","RS",2017,21.10227315,26.2189398,16.03257608,505.3999939,6.300000191,0.053030303,7,132
"Rondonia","RO",1991,26.07537916,31.36553079,20.83825798,495.8000183,0,0.246212121,65,264
"Rondonia","RO",1992,26.07803071,31.25757618,20.95037916,349,0,0.204545455,54,264
"Rondonia","RO",1993,25.94128827,31.28712172,20.64734876,408.7000122,0,0.227272727,60,264
"Rondonia","RO",1994,26.2678034,31.69280354,20.89507611,507.3000183,0,0.223484848,59,264
"Rondonia","RO",1995,26.24924278,31.63522772,20.90909128,345.7000122,0,0.246212121,65,264
"Rondonia","RO",1996,25.97992456,31.36250048,20.64545494,379.3999939,0,0.25,66,264
"Rondonia","RO",1997,26.22916706,31.62083387,20.88560645,377.8999939,0,0.242424242,64,264
"Rondonia","RO",1998,26.48636408,31.89431876,21.12613669,342.2000122,0,0.265151515,70,264
"Rondonia","RO",1999,25.73863675,31.14431875,20.38295496,340.3000183,0,0.204545455,54,264
"Rondonia","RO",2000,25.96250034,31.37916707,20.59848525,441.5,0,0.231060606,61,264
"Rondonia","RO",2001,26.0503791,31.46060666,20.68939426,435.6000061,0,0.196969697,52,264
"Rondonia","RO",2002,26.27272766,31.69356101,20.90303071,542.7999878,0,0.272727273,72,264
"Rondonia","RO",2003,25.89848521,31.3174247,20.52689435,373.1000061,0,0.178030303,47,264
"Rondonia","RO",2004,26.37272765,31.77803084,21.01287917,494,0,0.25,66,264
"Rondonia","RO",2005,26.31060643,31.70909145,20.96136397,377.3000183,0,0.231060606,61,264
"Rondonia","RO",2006,26.1609852,31.59318235,20.7806822,410.3000183,0,0.231060606,61,264
"Rondonia","RO",2007,26.02197008,31.46969751,20.62878823,410.3000183,0,0.299242424,79,264
"Rondonia","RO",2008,25.88295493,31.32159146,20.49659127,429.5,0,0.227272727,60,264
"Rondonia","RO",2009,26.17007612,31.47803079,20.91098525,396.5,0,0.212121212,56,264
"Rondonia","RO",2010,26.29242462,31.6916671,20.94318216,349.2000122,0,0.227272727,60,264
"Rondonia","RO",2011,26.26666706,31.65606113,20.92613679,342,0,0.227272727,60,264
"Rondonia","RO",2012,26.23901552,31.5765157,20.95189433,358.8999939,0,0.223484848,59,264
"Rondonia","RO",2013,26.15265188,31.4371217,20.91553073,414.6000061,0,0.227272727,60,264
"Rondonia","RO",2014,26.5511367,31.80795501,21.34242467,443.8000183,0,0.208333333,55,264
"Rondonia","RO",2015,26.87613673,32.22007639,21.58447008,342,0,0.223484848,59,264
"Rondonia","RO",2016,26.41666706,31.82992476,21.05606099,342,0,0.231060606,61,264
"Rondonia","RO",2017,26.36363678,31.61098542,21.16590943,381.5,0,0.223484848,59,264
"Roraima","RR",1991,25.41744823,30.44453171,20.44244824,627.6000366,15.80000019,0.0390625,15,384
"Roraima","RR",1992,25.10677132,30.18385457,20.08072952,481.6000061,8.400000572,0.0859375,33,384
"Roraima","RR",1993,25.10625036,30.14609416,20.11979205,637.2999878,18.10000038,0.013020833,5,384
"Roraima","RR",1994,25.11145865,30.16354206,20.11067748,559.6000366,17.30000114,0.046875,18,384
"Roraima","RR",1995,25.83776073,30.90468796,20.82708367,965.2000122,4,0.065104167,25,384
"Roraima","RR",1996,25.58437538,30.61458375,20.60677123,694.9000244,8.699999809,0.028645833,11,384
"Roraima","RR",1997,25.71848999,30.79583381,20.69218783,561.2000122,9.100000381,0.033854167,13,384
"Roraima","RR",1998,26.13802125,31.29739633,21.02916703,706.9000244,0.699999988,0.096354167,37,384
"Roraima","RR",1999,25.50312539,30.63020887,20.4239587,703,31.70000076,0.0078125,3,384
"Roraima","RR",2000,25.61822952,30.75208377,20.53932326,616,37.90000153,0.002604167,1,384
"Roraima","RR",2001,25.88697951,31.00572965,20.81718785,533.7999878,3.900000095,0.067708333,26,384
"Roraima","RR",2002,25.72369828,30.80546919,20.69427121,668,6.200000286,0.078125,30,384
"Roraima","RR",2003,26.14973996,31.23645886,21.11510452,718,6.099999905,0.080729167,31,384
"Roraima","RR",2004,25.92369831,31.03593796,20.86354205,628.9000244,14.69999981,0.0390625,15,384
"Roraima","RR",2005,26.06093786,31.18359419,20.98567743,726.9000244,24.80000114,0.0078125,3,384
"Roraima","RR",2006,25.96067744,31.07187555,20.89921916,680,10.60000038,0.036458333,14,384
"Roraima","RR",2007,25.86562539,30.98177134,20.80156295,834.9000244,3.100000143,0.091145833,35,384
"Roraima","RR",2008,25.69505244,30.78541711,20.65572955,653,36,0.005208333,2,384
"Roraima","RR",2009,25.96432333,31.02968792,20.94583366,543.4000244,12.30000019,0.0390625,15,384
"Roraima","RR",2010,26.22031295,31.30963593,21.18463576,733.9000244,17.20000076,0.0234375,9,384
"Roraima","RR",2011,25.83645873,30.8567713,20.86666706,607.7999878,20.80000114,0.018229167,7,384
"Roraima","RR",2012,25.72447952,30.73463587,20.76614617,480.5,9.900000572,0.033854167,13,384
"Roraima","RR",2013,25.83802112,30.83229216,20.89375045,496.8999939,3.100000143,0.036458333,14,384
"Roraima","RR",2014,26.04921918,31.03437543,21.11562536,495.2000122,6.5,0.078125,30,384
"Roraima","RR",2015,26.46484412,31.49244855,21.48854203,502,1.899999976,0.140625,54,384
"Roraima","RR",2016,26.25052119,31.2328131,21.3205733,518.7999878,0.100000001,0.083333333,32,384
"Roraima","RR",2017,25.99921917,30.99036506,21.05989623,515.9000244,1.899999976,0.114583333,44,384
"Santa Catarina","SC",1991,24.92959298,30.69218572,19.21707443,516.2000122,0,0.204444444,552,2700
"Santa Catarina","SC",1992,24.59718556,30.32496347,18.91955588,571.9000244,0,0.189259259,511,2700
"Santa Catarina","SC",1993,24.79151888,30.57633384,19.0568522,454.8999939,0,0.17,459,2700
"Santa Catarina","SC",1994,25.08670409,30.83203757,19.39122257,436.8000183,0,0.17962963,485,2700
"Santa Catarina","SC",1995,25.11355594,30.90896348,19.3677411,544.7000122,0,0.205555556,555,2700
"Santa Catarina","SC",1996,24.80218556,30.54581531,19.1075559,567.7000122,0,0.208148148,562,2700
"Santa Catarina","SC",1997,25.27737075,31.02388943,19.58014852,496.8999939,0,0.175555556,474,2700
"Santa Catarina","SC",1998,25.37296335,31.11314871,19.68233368,494.7000122,0,0.179259259,484,2700
"Santa Catarina","SC",1999,25.13318555,30.93218571,19.38500036,466.3000183,0,0.217407407,587,2700
"Santa Catarina","SC",2000,24.9935189,30.76703757,19.27000036,474.7000122,0,0.178888889,483,2700
"Santa Catarina","SC",2001,25.30425964,31.05577833,19.60314852,445.8999939,0,0.19,513,2700
"Santa Catarina","SC",2002,25.64792631,31.37551908,19.97081517,597.4000244,0,0.205925926,556,2700
"Santa Catarina","SC",2003,25.29529667,31.09870426,19.54137073,511.1000061,0,0.181851852,491,2700
"Santa Catarina","SC",2004,25.22925964,31.027408,19.48007444,584.2999878,0,0.227407407,614,2700
"Santa Catarina","SC",2005,25.43518553,31.21988947,19.69988925,535.5,0,0.201851852,545,2700
"Santa Catarina","SC",2006,25.37359295,31.19348203,19.60337074,545.7000122,0,0.194444444,525,2700
"Santa Catarina","SC",2007,25.43481517,31.20870427,19.71051888,550.9000244,0,0.241111111,651,2700
"Santa Catarina","SC",2008,25.13511148,30.95037091,19.37000036,493.3999939,0,0.2,540,2700
"Santa Catarina","SC",2009,25.2600004,31.05000057,19.51888923,473.7000122,0,0.155555556,420,2700
"Santa Catarina","SC",2010,25.38288924,31.15659315,19.65903739,524.2000122,0,0.23,621,2700
"Santa Catarina","SC",2011,25.3113337,31.0729265,19.59951889,558.2999878,0,0.227407407,614,2700
"Santa Catarina","SC",2012,25.49466702,31.2715191,19.76859295,625.7000122,0,0.195555556,528,2700
"Santa Catarina","SC",2013,25.35529667,31.12400055,19.63707442,566.4000244,0,0.183703704,496,2700
"Santa Catarina","SC",2014,25.6277411,31.33696351,19.96940778,529.7999878,0,0.176296296,476,2700
"Santa Catarina","SC",2015,25.74448184,31.44596352,20.09340778,575.6000366,0,0.212592593,574,2700
"Santa Catarina","SC",2016,25.55329668,31.27503766,19.88140777,561.9000244,0,0.192962963,521,2700
"Santa Catarina","SC",2017,25.71388927,31.43848206,20.03837071,505.3999939,0,0.198888889,537,2700
"Sao Paulo","SP",1991,21.6170638,27.23888927,16.04404793,451.8000183,2.600000143,0.202380952,51,252
"Sao Paulo","SP",1992,21.2543654,26.98809557,15.57023839,431.8000183,1.5,0.206349206,52,252
"Sao Paulo","SP",1993,21.52817494,27.48134966,15.6253971,346,3.100000143,0.138888889,35,252
"Sao Paulo","SP",1994,21.90436548,27.64682576,16.21349232,365.5,1.899999976,0.206349206,52,252
"Sao Paulo","SP",1995,22.02023848,27.69801627,16.39166698,529.7999878,2.600000143,0.138888889,35,252
"Sao Paulo","SP",1996,21.55634959,27.02579405,16.13452408,520.7999878,8,0.21031746,53,252
"Sao Paulo","SP",1997,21.97222258,27.63293688,16.36627017,454.1000061,3.5,0.130952381,33,252
"Sao Paulo","SP",1998,21.96706382,27.61825431,16.36785739,444.6000061,0.5,0.174603175,44,252
"Sao Paulo","SP",1999,21.71984161,27.39047654,16.10198439,398.6000061,2.900000095,0.182539683,46,252
"Sao Paulo","SP",2000,21.74523847,27.41111144,16.13015901,390.2000122,0.800000012,0.25,63,252
"Sao Paulo","SP",2001,22.35833367,28.01666704,16.75238129,425.8000183,1.100000024,0.154761905,39,252
"Sao Paulo","SP",2002,22.86150833,28.51269881,17.26349238,352.3999939,0.200000003,0.222222222,56,252
"Sao Paulo","SP",2003,22.18214327,27.86071475,16.55595269,680,0.900000036,0.218253968,55,252
"Sao Paulo","SP",2004,21.81865116,27.49127021,16.19761938,440,0.800000012,0.226190476,57,252
"Sao Paulo","SP",2005,22.23055594,27.89960362,16.61150825,385.2000122,6.700000286,0.19047619,48,252
"Sao Paulo","SP",2006,22.19246072,27.87023856,16.56507966,399.7000122,2.799999952,0.238095238,60,252
"Sao Paulo","SP",2007,22.38531783,28.04801629,16.77380982,495.3999939,0.5,0.273809524,69,252
"Sao Paulo","SP",2008,21.89761943,27.57619095,16.27142888,510.6000061,0.400000006,0.174603175,44,252
"Sao Paulo","SP",2009,22.18492103,27.85277817,16.5662701,496.5,7.099999905,0.079365079,20,252
"Sao Paulo","SP",2010,22.04642893,27.70912742,16.43492099,553.7000122,0.300000012,0.194444444,49,252
"Sao Paulo","SP",2011,21.92301625,27.59047658,16.30833362,598.5,0.600000024,0.222222222,56,252
"Sao Paulo","SP",2012,22.52341309,28.19801637,16.90317488,479.1000061,0.200000003,0.182539683,46,252
"Sao Paulo","SP",2013,22.00793689,27.67857187,16.38968281,417.8000183,1,0.130952381,33,252
"Sao Paulo","SP",2014,22.67261945,28.32857183,17.06904792,352.5,5.099999905,0.166666667,42,252
"Sao Paulo","SP",2015,22.72182584,28.37142891,17.12420668,383.7000122,1.5,0.138888889,35,252
"Sao Paulo","SP",2016,22.23055595,27.88928617,16.62301619,344.1000061,0.900000036,0.130952381,33,252
"Sao Paulo","SP",2017,22.65992106,28.32023847,17.05079396,500.3000183,1.200000048,0.178571429,45,252
"Sergipe","SE",1991,25.94166724,30.98333375,20.95000013,101.7000046,0,0.5,6,12
"Sergipe","SE",1992,25.99166711,31.03333394,21.00000064,103.7000046,1.399999976,0.666666667,8,12
"Sergipe","SE",1993,26.50833352,31.55000067,21.51666705,41.29999924,7.200000286,0.916666667,11,12
"Sergipe","SE",1994,26.14166705,31.18333371,21.15000057,121.4000015,6.400000095,0.583333333,7,12
"Sergipe","SE",1995,26.21666686,31.258334,21.22500038,89.5,1.200000048,0.666666667,8,12
"Sergipe","SE",1996,26.12500048,31.16666746,21.13333384,98.90000153,3.799999952,0.666666667,8,12
"Sergipe","SE",1997,26.19166692,31.23333406,21.20000045,88,2.700000048,0.666666667,8,12
"Sergipe","SE",1998,26.95000045,31.99166711,21.95833381,59.5,2.900000095,0.75,9,12
"Sergipe","SE",1999,26.25000048,31.29166762,21.25833368,109.8000031,18.39999962,0.75,9,12
"Sergipe","SE",2000,26.00000048,31.04166714,21.00833368,83.90000153,7.099999905,0.333333333,4,12
"Sergipe","SE",2001,26.24166711,31.28333362,21.25000032,134.4000092,14.40000057,0.5,6,12
"Sergipe","SE",2002,26.22500038,31.26666705,21.23333375,116.9000015,2,0.75,9,12
"Sergipe","SE",2003,26.45000076,31.49166727,21.45833349,59.90000153,15.80000019,0.666666667,8,12
"Sergipe","SE",2004,26.05000019,31.08333381,21.05833387,79.20000458,7.400000095,0.583333333,7,12
"Sergipe","SE",2005,26.55000035,31.59166702,21.55833387,86.70000458,3.400000095,0.416666667,5,12
"Sergipe","SE",2006,26.28333346,31.32500076,21.2916673,112.3000031,16.80000114,0.583333333,7,12
"Sergipe","SE",2007,26.20833349,31.25000064,21.21666718,77.5,2.900000095,0.666666667,8,12
"Sergipe","SE",2008,26.15000041,31.19166772,21.15833362,123.5999985,3.700000048,0.5,6,12
"Sergipe","SE",2009,26.29166714,31.33333397,21.30000035,168,10.5,0.75,9,12
"Sergipe","SE",2010,26.60833375,31.65000057,21.61666695,96.5,5.800000191,0.666666667,8,12
"Sergipe","SE",2011,25.9500006,30.99166727,20.95833365,106.5999985,9.300000191,0.583333333,7,12
"Sergipe","SE",2012,26.37500048,31.41666683,21.38333384,38.79999924,5.700000286,1,12,12
"Sergipe","SE",2013,26.50833384,31.55000035,21.51666705,74.70000458,5.800000191,0.5,6,12
"Sergipe","SE",2014,26.23333391,31.27500073,21.24166743,107.7000046,9.699999809,0.666666667,8,12
"Sergipe","SE",2015,26.62500064,31.66666714,21.63333368,89.40000153,3.5,0.75,9,12
"Sergipe","SE",2016,26.75000048,31.79166714,21.75833384,75.70000458,2.100000143,0.75,9,12
"Sergipe","SE",2017,26.32500045,31.36666759,21.33333365,66.40000153,7.400000095,0.75,9,12
"Tocantins","TO",1991,26.21048425,32.17849517,20.28978532,427.3999939,0,0.319892473,119,372
"Tocantins","TO",1992,26.11881755,32.08844139,20.19543044,763.4000244,0,0.362903226,135,372
"Tocantins","TO",1993,26.2913982,32.2610221,20.36801114,330.8999939,0,0.290322581,108,372
"Tocantins","TO",1994,26.19596816,32.1655919,20.27258107,430.7000122,0,0.319892473,119,372
"Tocantins","TO",1995,26.53198964,32.50161341,20.60860256,468.2000122,0,0.333333333,124,372
"Tocantins","TO",1996,26.4559144,32.42553824,20.53252724,336.8999939,0,0.357526882,133,372
"Tocantins","TO",1997,26.57419397,32.54381785,20.65080682,495.1000061,0,0.362903226,135,372
"Tocantins","TO",1998,27.4655918,33.43494687,21.54247346,415.3000183,0,0.325268817,121,372
"Tocantins","TO",1999,26.7833337,32.75295756,20.85994663,466.3000183,0,0.306451613,114,372
"Tocantins","TO",2000,26.54139823,32.51102205,20.61801113,470.8000183,0,0.293010753,109,372
"Tocantins","TO",2001,26.65215087,32.61854899,20.73225845,398,0,0.330645161,123,372
"Tocantins","TO",2002,27.12231224,33.0900544,21.20161329,597.4000244,0,0.282258065,105,372
"Tocantins","TO",2003,27.1177423,33.08736629,21.19435524,356.5,0,0.295698925,110,372
"Tocantins","TO",2004,26.95430146,32.91397913,21.04139824,558.2999878,0,0.36827957,137,372
"Tocantins","TO",2005,27.33333363,33.30295768,21.40994663,485,0,0.311827957,116,372
"Tocantins","TO",2006,26.98064552,32.95026941,21.05725849,467.5,0,0.293010753,109,372
"Tocantins","TO",2007,27.40591435,33.37553828,21.48252722,550.9000244,0,0.365591398,136,372
"Tocantins","TO",2008,26.91102188,32.88064577,20.98763482,477.5,0,0.365591398,136,372
"Tocantins","TO",2009,26.75026926,32.7198931,20.82688209,424.8000183,0,0.27688172,103,372
"Tocantins","TO",2010,27.40698963,33.37661355,21.48360251,464.7000122,0,0.379032258,141,372
"Tocantins","TO",2011,26.82284983,32.79247375,20.89946276,558.2999878,0,0.38172043,142,372
"Tocantins","TO",2012,26.95349501,32.92311891,21.03010792,384.3000183,0,0.376344086,140,372
"Tocantins","TO",2013,27.16935522,33.13897907,21.24596811,566.4000244,0,0.336021505,125,372
"Tocantins","TO",2014,26.92903263,32.8986565,21.0056456,402.8999939,0,0.333333333,124,372
"Tocantins","TO",2015,27.2548391,33.22446292,21.331452,361.5,0,0.39516129,147,372
"Tocantins","TO",2016,27.89139827,33.86102217,21.96801113,653,0,0.333333333,124,372
"Tocantins","TO",2017,27.3682799,33.33790391,21.44489283,458.3999939,0,0.389784946,145,372
"Acre","AC",2050,280.44,349.93,210.945,306.095,31.24,0,0,200
"Alagoas","AL",2050,259.0598802,329.1497006,195.5688623,118.0598802,18.68263473,0.05988024,10,167
"Amapa","AP",2050,279.575419,342.9553073,231.6145251,498,48.22346369,0,0,179
"Amazonas","AM",2050,288.9,355.89,230.94,353.51,76.455,0.02,4,200
"Bahia","BA",2050,258.1910112,340.8651685,171.0617978,187.1910112,7.938202247,0.735955056,131,178
"Ceara","CE",2050,277.4972376,348.2707182,212.2430939,251.961326,3,1,181,181
"Distrito Federal","DF",2050,239.995,320.34,152.71,333.72,3.65,1,200,200
"Espirito Santo","ES",2050,247.8484848,323.1818182,166,263.9393939,26.3030303,0,0,33
"Goias","GO",2050,268.23,354.57,174.375,332.05,4.98,0.875,175,200
"Maranhao","MA",2050,289.3105263,365.4210526,220.5052632,294.8052632,7.710526316,0.742105263,141,190
"Mato Grosso","MT",2050,275.97,370.635,178.115,319.67,6.02,0.625,125,200
"Mato Grosso do Sul","MS",2050,263.025,347.885,161.475,221.64,22.785,0,0,200
"Minas Gerais","MG",2050,243.8383838,324.9090909,145.4090909,282.959596,8.45959596,0.661616162,131,198
"Para","PA",2050,287.5248619,361.5248619,225.2099448,387.3701657,26.19889503,0.226519337,41,181
"Paraiba","PB",2050,269.6836735,346.9693878,197.4030612,163.3112245,6.770408163,0.821428571,161,196
"Parana","PR",2050,215.1846154,312.0410256,111.2153846,218.1589744,55.34871795,0,0,195
"Pernambuco","PE",2050,257.1319797,335.9543147,185.9847716,128.1319797,8.467005076,0.69035533,136,197
"Piaui","PI",2050,285.37,363.99,211.825,241.43,3.43,0.905,181,200
"Rio de Janeiro","RJ",2050,227.4651163,306.3139535,135.6569767,265.1744186,21.27906977,0,0,172
"Rio Grande do Norte","RN",2050,280.6818182,345.1704545,219.9886364,230.5795455,4.443181818,0.931818182,82,88
"Rio Grande do Sul","RS",2050,205.4550562,318.2191011,105.5168539,174.6292135,90.71348315,0,0,178
"Rondonia","RO",2050,280.115,370.5,202.17,310.905,7.615,0.17,34,200
"Roraima","RR",2050,285.36,345.255,229.26,420.615,61.235,0,0,200
"Santa Catarina","SC",2050,263.67,356.26,171.535,284.305,25.95,0.36,72,200
"Sao Paulo","SP",2050,230.0960452,312.6271186,126.5875706,256.4463277,25.58757062,0.050847458,9,177
"Sergipe","SE",2050,263.375,331.125,199.13125,130.56875,21.45,0,0,160
"Tocantins","TO",2050,286.73,373.73,206.595,295.505,2.915,0.945,189,200
